,zipcode,year,complaint_count,Nstabilized,Pstabilized
0,10001,2010,648,4628,0.474228916897
1,10001,2011,468,4835,0.495440106568
2,10001,2012,344,5514,0.56501690747
3,10001,2013,289,5228,0.535710626089
4,10001,2014,437,5032,0.515626601086
5,10002,2010,1226,8645,0.740915323963
6,10002,2011,1244,8455,0.724631470689
7,10002,2012,1264,8519,0.730116558108
8,10002,2013,1214,8482,0.726945491944
9,10002,2014,1204,8021,0.687435721632
10,10003,2010,873,8273,0.349528919684
11,10003,2011,987,7957,0.336178123284
12,10003,2012,944,7659,0.323587815286
13,10003,2013,1076,7613,0.321644344924
14,10003,2014,1120,7423,0.313616967341
15,10004,2010,13,116,0.0712093308778
16,10004,2011,14,144,0.0883977900552
17,10004,2012,64,14,0.0085942295887
18,10004,2013,7,19,0.011663597299
19,10004,2014,17,16,0.00982197667281
20,10005,2010,5,1010,0.397951142632
21,10005,2011,7,1010,0.397951142632
22,10005,2012,90,1007,0.396769109535
23,10005,2013,10,1006,0.396375098503
24,10005,2014,9,1006,0.396375098503
25,10006,2010,5,105,0.0683148991542
26,10006,2011,5,78,0.0507482108003
27,10006,2012,23,79,0.0513988288874
28,10006,2013,5,71,0.04619388419
29,10006,2014,8,75,0.0487963565387
30,10007,2010,8,442,0.309090909091
31,10007,2011,11,764,0.534265734266
32,10007,2012,10,757,0.529370629371
33,10007,2013,18,593,0.414685314685
34,10007,2014,32,738,0.516083916084
35,10009,2010,1254,11936,0.588444093867
36,10009,2011,1369,14673,0.723378031946
37,10009,2012,1653,14574,0.718497337803
38,10009,2013,1733,14310,0.705482153421
39,10009,2014,1483,14397,0.709771248275
40,10010,2010,319,5804,0.461293911938
41,10010,2011,283,6667,0.529883961214
42,10010,2012,346,6669,0.530042918455
43,10010,2013,383,6770,0.5380702591
44,10010,2014,570,6703,0.532745191543
45,10011,2010,1011,8551,0.391798396334
46,10011,2011,870,7953,0.36439862543
47,10011,2012,741,8412,0.385429553265
48,10011,2013,764,8395,0.384650630011
49,10011,2014,893,8110,0.371592210767
50,10012,2010,409,3307,0.322665625915
51,10012,2011,410,3421,0.333788662309
52,10012,2012,402,3384,0.330178554005
53,10012,2013,484,3291,0.321104498
54,10012,2014,623,3064,0.298955995707
55,10013,2010,443,4310,0.538413491568
56,10013,2011,337,4495,0.56152404747
57,10013,2012,361,4035,0.504059962523
58,10013,2013,203,3969,0.495815115553
59,10013,2014,485,3851,0.481074328545
60,10014,2010,952,5041,0.321328403876
61,10014,2011,897,5058,0.322412034676
62,10014,2012,639,5092,0.324579296277
63,10014,2013,638,4883,0.311257011729
64,10014,2014,708,4717,0.300675675676
65,10016,2010,625,7783,0.326701087185
66,10016,2011,533,7726,0.324308441422
67,10016,2012,553,7083,0.297317718172
68,10016,2013,813,6833,0.28682365781
69,10016,2014,941,6483,0.272131973303
70,10017,2010,112,2081,0.212694194603
71,10017,2011,75,2127,0.21739574816
72,10017,2012,78,2217,0.226594439902
73,10017,2013,66,2094,0.214022894522
74,10017,2014,125,1740,0.177841373671
75,10018,2010,150,2343,0.536155606407
76,10018,2011,166,3200,0.732265446224
77,10018,2012,200,3328,0.761556064073
78,10018,2013,127,3396,0.777116704805
79,10018,2014,154,3519,0.805263157895
80,10019,2010,698,9999,0.476687643021
81,10019,2011,686,9777,0.466104118993
82,10019,2012,755,9853,0.469727307399
83,10019,2013,834,10458,0.49856979405
84,10019,2014,1078,10075,0.480310831426
85,10021,2010,368,4495,0.24353903668
86,10021,2011,317,4240,0.229723140272
87,10021,2012,280,4238,0.2296147803
88,10021,2013,308,4034,0.218562063174
89,10021,2014,412,3838,0.207942785935
90,10022,2010,405,3665,0.240406690718
91,10022,2011,396,3551,0.232928829124
92,10022,2012,313,3490,0.228927517219
93,10022,2013,330,3407,0.223483109216
94,10022,2014,480,3235,0.212200721548
95,10023,2010,629,7532,0.274309855051
96,10023,2011,642,7667,0.279226454949
97,10023,2012,429,7721,0.281193094909
98,10023,2013,514,8675,0.315937067521
99,10023,2014,678,8230,0.299730497487
100,10024,2010,1086,8308,0.361138882852
101,10024,2011,792,7922,0.344359921756
102,10024,2012,903,8003,0.347880895458
103,10024,2013,848,7788,0.338535101065
104,10024,2014,1232,7375,0.320582482069
105,10025,2010,2414,16090,0.521691200311
106,10025,2011,1671,15409,0.499610920174
107,10025,2012,2358,15849,0.513877180468
108,10025,2013,2447,15525,0.50337202516
109,10025,2014,2521,14855,0.48164840153
110,10026,2010,1452,5444,0.758006126427
111,10026,2011,1420,5581,0.777081592871
112,10026,2012,1337,5496,0.765246449457
113,10026,2013,1312,5355,0.745614035088
114,10026,2014,1635,5494,0.764967975494
115,10027,2010,1977,8152,0.740417801998
116,10027,2011,2207,8169,0.741961852861
117,10027,2012,2019,8363,0.759582198002
118,10027,2013,2355,8241,0.748501362398
119,10027,2014,2885,7704,0.699727520436
120,10028,2010,733,7097,0.364397206819
121,10028,2011,582,6286,0.322756212775
122,10028,2012,624,6362,0.326658451427
123,10028,2013,581,6103,0.313360032861
124,10028,2014,706,5868,0.301293900185
125,10029,2010,1756,7518,0.665545325779
126,10029,2011,1750,7612,0.673866855524
127,10029,2012,1466,8156,0.722025495751
128,10029,2013,2033,8108,0.717776203966
129,10029,2014,2189,7955,0.704231586402
130,10030,2010,1226,5348,0.857601026299
131,10030,2011,1530,5391,0.864496472097
132,10030,2012,1295,5416,0.868505452213
133,10030,2013,2049,5486,0.879730596536
134,10030,2014,2087,5345,0.857119948685
135,10031,2010,4168,11326,0.76202650878
136,10031,2011,3831,11329,0.762228352284
137,10031,2012,3645,11556,0.77750117742
138,10031,2013,3819,10999,0.740025566844
139,10031,2014,4754,10642,0.716006189867
140,10032,2010,4011,13670,0.796202457918
141,10032,2011,3418,13594,0.791775875124
142,10032,2012,3197,13608,0.79259129827
143,10032,2013,3417,13378,0.779195060866
144,10032,2014,3962,13357,0.777971926146
145,10033,2010,3125,13967,0.77084828081
146,10033,2011,2728,13714,0.756885037806
147,10033,2012,2598,14001,0.77272476406
148,10033,2013,2792,13858,0.764832496275
149,10033,2014,3234,13689,0.75550527071
150,10034,2010,2315,10708,0.804689261291
151,10034,2011,2009,10613,0.797550161569
152,10034,2012,3359,10625,0.798451942587
153,10034,2013,2369,10608,0.797174419478
154,10034,2014,2570,10606,0.797024122642
155,10035,2010,932,3864,0.659048268804
156,10035,2011,751,4278,0.729660583319
157,10035,2012,985,4349,0.741770424697
158,10035,2013,1145,4762,0.812212178066
159,10035,2014,1226,4856,0.828244925806
160,10036,2010,1030,6972,0.621113585746
161,10036,2011,779,7377,0.65719376392
162,10036,2012,577,7143,0.636347438753
163,10036,2013,522,9675,0.861915367483
164,10036,2014,757,9617,0.856748329621
165,10037,2010,992,5081,0.731605471562
166,10037,2011,758,5098,0.734053275738
167,10037,2012,417,5477,0.788624910007
168,10037,2013,671,5758,0.829085673146
169,10037,2014,963,5149,0.741396688265
170,10038,2010,62,1432,0.298893759132
171,10038,2011,67,1499,0.312878313504
172,10038,2012,131,2087,0.435608432478
173,10038,2013,129,2476,0.516802337717
174,10038,2014,134,2559,0.534126487163
175,10039,2010,806,3970,0.853947085395
176,10039,2011,838,3999,0.860184986018
177,10039,2012,1010,4004,0.861260486126
178,10039,2013,1002,4051,0.871370187137
179,10039,2014,1135,4050,0.871155087116
180,10040,2010,4768,12068,0.799840933192
181,10040,2011,4998,11977,0.793809650053
182,10040,2012,4873,12077,0.800437433722
183,10040,2013,5543,11949,0.791953870626
184,10040,2014,5341,11793,0.781614528102
185,10044,2010,14,25,0.115740740741
186,10044,2011,11,25,0.115740740741
187,10044,2012,8,25,0.115740740741
188,10044,2013,19,25,0.115740740741
189,10044,2014,91,25,0.115740740741
190,10065,2010,325,4582,0.294435162576
191,10065,2011,338,4296,0.276057062074
192,10065,2012,314,4121,0.264811720859
193,10065,2013,377,3656,0.234931242771
194,10065,2014,370,3599,0.231268474489
195,10069,2012,2,2174,1.04168663153
196,10069,2014,1,1718,0.823191183517
197,10075,2010,356,3388,0.282286285619
198,10075,2011,359,3288,0.273954340943
199,10075,2012,290,3355,0.279536743876
200,10075,2013,313,3357,0.27970338277
201,10075,2014,332,3364,0.280286618897
202,10128,2010,684,6962,0.336166103332
203,10128,2011,689,6721,0.324529212941
204,10128,2012,717,6591,0.318252052149
205,10128,2013,591,6379,0.308015451473
206,10128,2014,864,6108,0.294929985514
207,10280,2010,8,417,1.0
208,10280,2011,2,417,1.0
209,10280,2012,3,417,1.0
210,10280,2013,4,417,1.0
211,10280,2014,29,417,1.0
212,10282,2010,4,1556,0.890669719519
213,10282,2011,5,1555,0.890097309674
214,10282,2013,3,1747,1.0
215,10301,2010,673,2619,0.782725642558
216,10301,2011,479,2605,0.77854154214
217,10301,2012,405,2609,0.779736999402
218,10301,2013,465,2689,0.80364614465
219,10301,2014,530,2764,0.82606096832
220,10302,2010,239,442,0.917012448133
221,10302,2011,177,458,0.95020746888
222,10302,2012,199,467,0.96887966805
223,10302,2013,144,508,1.05394190871
224,10302,2014,144,496,1.02904564315
225,10303,2010,297,230,0.931174089069
226,10303,2011,229,240,0.971659919028
227,10303,2012,174,240,0.971659919028
228,10303,2013,188,212,0.858299595142
229,10303,2014,207,182,0.736842105263
230,10304,2010,557,585,0.233346629438
231,10304,2011,526,815,0.325089748704
232,10304,2012,458,945,0.376944555245
233,10304,2013,423,810,0.323095333067
234,10304,2014,435,684,0.272836059035
235,10305,2010,140,359,0.50350631136
236,10305,2011,170,375,0.525946704067
237,10305,2012,155,397,0.556802244039
238,10305,2013,84,371,0.520336605891
239,10305,2014,138,325,0.455820476858
240,10306,2010,263,1436,0.84074941452
241,10306,2011,226,1425,0.834309133489
242,10306,2012,195,1425,0.834309133489
243,10306,2013,143,1388,0.812646370023
244,10306,2014,201,1384,0.810304449649
245,10307,2010,19,35,1.0
246,10307,2011,15,35,1.0
247,10307,2012,25,35,1.0
248,10307,2013,12,22,0.628571428571
249,10307,2014,26,22,0.628571428571
250,10308,2010,33,67,0.358288770053
251,10308,2011,17,70,0.374331550802
252,10308,2012,7,80,0.427807486631
253,10308,2013,13,80,0.427807486631
254,10308,2014,10,80,0.427807486631
256,10310,2010,313,308,0.52027027027
257,10310,2011,179,511,0.863175675676
258,10310,2012,131,529,0.893581081081
259,10310,2013,116,506,0.85472972973
260,10310,2014,177,501,0.846283783784
261,10312,2010,45,24,0.127659574468
262,10312,2012,22,24,0.127659574468
263,10312,2013,45,24,0.127659574468
264,10314,2010,115,462,0.69578313253
265,10314,2011,145,565,0.850903614458
266,10314,2012,79,561,0.844879518072
267,10314,2013,124,569,0.856927710843
268,10314,2014,134,445,0.670180722892
269,10451,2010,2315,5841,0.709720534629
270,10451,2011,2422,6252,0.759659781288
271,10451,2012,2077,6749,0.820048602673
272,10451,2013,2088,6676,0.811178614824
273,10451,2014,2709,6586,0.800243013366
274,10452,2010,4825,19238,0.911192156491
275,10452,2011,4357,19290,0.913655094018
276,10452,2012,4858,19619,0.929237910292
277,10452,2013,5173,19646,0.930516743239
278,10452,2014,4847,18945,0.897314450812
279,10453,2010,5895,17199,0.88195477155
280,10453,2011,4806,17833,0.914465924824
281,10453,2012,4215,17994,0.922721911697
282,10453,2013,5687,18333,0.940105635608
283,10453,2014,6575,18501,0.948720578432
284,10454,2010,885,2627,0.522578078377
285,10454,2011,865,3765,0.748955639546
286,10454,2012,801,4158,0.827133479212
287,10454,2013,935,4052,0.806047344341
288,10454,2014,1254,4037,0.80306345733
289,10455,2010,1641,5723,0.817805087168
290,10455,2011,1444,6470,0.924549871392
291,10455,2012,1459,6525,0.932409259789
292,10455,2013,1807,6503,0.92926550443
293,10455,2014,2034,6457,0.922692197771
294,10456,2010,4406,13789,0.866524225476
295,10456,2011,3825,14216,0.893357632125
296,10456,2012,3737,14761,0.92760635958
297,10456,2013,4082,14677,0.922327656633
298,10456,2014,5292,14702,0.923898699177
299,10457,2010,4572,14381,0.853978622328
300,10457,2011,4140,14871,0.883076009501
301,10457,2012,3617,14824,0.880285035629
302,10457,2013,4212,15056,0.89406175772
303,10457,2014,4842,15215,0.903503562945
304,10458,2010,6118,19480,0.863590016403
305,10458,2011,5930,19957,0.884736445449
306,10458,2012,6018,20367,0.902912621359
307,10458,2013,5585,20153,0.893425544177
308,10458,2014,7556,19867,0.880746553176
309,10459,2010,2512,6741,0.788697788698
310,10459,2011,2183,7679,0.898443898444
311,10459,2012,1993,7779,0.910143910144
312,10459,2013,2040,7647,0.8946998947
313,10459,2014,2296,7765,0.908505908506
314,10460,2010,3652,7853,0.801244770942
315,10460,2011,2887,8222,0.838893990409
316,10460,2012,2418,8606,0.878073665952
317,10460,2013,2641,8800,0.897867564534
318,10460,2014,3731,8727,0.890419344965
319,10461,2010,1605,5786,0.829058604385
320,10461,2011,1380,5873,0.841524573721
321,10461,2012,1690,5897,0.844963461814
322,10461,2013,1381,6040,0.865453503367
323,10461,2014,1740,6082,0.87147155753
324,10462,2010,3192,9463,0.41150634893
325,10462,2011,3053,9488,0.412593494521
326,10462,2012,3100,9483,0.412376065403
327,10462,2013,3065,9411,0.409245086102
328,10462,2014,4603,9366,0.407288224039
329,10463,2010,2821,11560,0.58632582674
330,10463,2011,2625,11532,0.584905660377
331,10463,2012,2735,11556,0.586122945831
332,10463,2013,4853,11507,0.583637654697
333,10463,2014,7365,11478,0.582166768107
334,10464,2010,18,77,0.54609929078
335,10464,2011,24,94,0.666666666667
336,10464,2012,35,106,0.751773049645
337,10464,2013,61,107,0.758865248227
338,10464,2014,21,136,0.964539007092
339,10465,2010,280,299,0.520905923345
340,10465,2011,210,298,0.519163763066
341,10465,2012,234,296,0.515679442509
342,10465,2013,226,295,0.51393728223
343,10465,2014,335,300,0.522648083624
344,10466,2010,2248,4370,0.867924528302
345,10466,2011,2033,4436,0.881032770606
346,10466,2012,1860,4468,0.887388282026
347,10466,2013,2152,4499,0.893545183714
348,10466,2014,3059,4602,0.914001986097
349,10467,2010,6408,19863,0.826626160057
350,10467,2011,6094,20382,0.848225061384
351,10467,2012,5901,20636,0.858795621957
352,10467,2013,6399,20328,0.845977776853
353,10467,2014,7524,20043,0.834117108494
354,10468,2010,5769,18478,0.845017606439
355,10468,2011,4824,19211,0.878538436914
356,10468,2012,4591,19477,0.890702885627
357,10468,2013,6060,19065,0.871861709425
358,10468,2014,6820,19242,0.87995609823
359,10469,2010,1291,2008,0.883413990321
360,10469,2011,1074,2029,0.892652881654
361,10469,2012,959,2083,0.916410030796
362,10469,2013,854,2060,0.906291245051
363,10469,2014,970,2082,0.91597008359
364,10470,2010,728,1848,0.709677419355
365,10470,2011,587,1798,0.690476190476
366,10470,2012,489,1938,0.744239631336
367,10470,2013,760,1976,0.758832565284
368,10470,2014,958,1841,0.706989247312
369,10471,2010,223,2534,0.385633845686
370,10471,2011,266,2450,0.372850403287
371,10471,2012,248,2465,0.375133160858
372,10471,2013,295,2388,0.363415005326
373,10471,2014,395,2375,0.361436615431
374,10472,2010,3017,7327,0.894736842105
375,10472,2011,2593,7482,0.913664672121
376,10472,2012,2469,7372,0.900232018561
377,10472,2013,2761,7623,0.930882891684
378,10472,2014,3618,7513,0.917450238124
379,10473,2010,804,2885,1.19461697723
380,10473,2011,837,2873,1.18964803313
381,10473,2012,871,2805,1.16149068323
382,10473,2013,895,2785,1.15320910973
383,10473,2014,1048,2767,1.14575569358
384,10474,2010,684,1678,0.779015784587
385,10474,2011,589,1967,0.913184772516
386,10474,2012,568,1920,0.891364902507
387,10474,2013,501,2011,0.933611884865
388,10474,2014,618,1979,0.918755803157
389,10475,2011,72,196,0.712727272727
390,10475,2012,69,203,0.738181818182
391,10475,2013,71,191,0.694545454545
392,10475,2014,97,188,0.683636363636
393,11001,2010,14,38,1.02702702703
394,11001,2011,17,38,1.02702702703
395,11001,2014,5,38,1.02702702703
396,11004,2010,56,420,0.193192272309
397,11004,2011,15,417,0.191812327507
398,11004,2012,10,402,0.184912603496
399,11004,2013,25,403,0.185372585097
400,11004,2014,11,304,0.139834406624
401,11005,2012,1,77,0.0417570498915
402,11101,2010,356,2893,0.528498355864
403,11101,2011,314,3011,0.550054804531
404,11101,2012,381,3053,0.557727438802
405,11101,2013,323,4309,0.787175739861
406,11101,2014,344,4722,0.862623310194
407,11102,2010,602,5122,0.70386148138
408,11102,2011,523,5434,0.746736292428
409,11102,2012,452,5745,0.789473684211
410,11102,2013,447,5668,0.778892400715
411,11102,2014,653,5588,0.76789885942
412,11103,2010,820,6668,0.778244631186
413,11103,2011,663,6591,0.769257703081
414,11103,2012,608,6688,0.780578898226
415,11103,2013,560,6607,0.771125116713
416,11103,2014,748,6496,0.758169934641
417,11104,2010,655,6748,0.667325949367
418,11104,2011,667,6581,0.650810917722
419,11104,2012,832,6654,0.658030063291
420,11104,2013,695,6870,0.679390822785
421,11104,2014,892,6613,0.653975474684
422,11105,2010,570,3899,0.741960038059
423,11105,2011,567,3776,0.718553758325
424,11105,2012,447,3818,0.726546146527
425,11105,2013,618,3963,0.754138915319
426,11105,2014,790,3949,0.751474785918
427,11106,2010,531,7345,0.766381469115
428,11106,2011,594,7280,0.75959933222
429,11106,2012,660,7311,0.762833889816
430,11106,2013,528,7328,0.764607679466
431,11106,2014,650,7157,0.746765442404
432,11201,2010,514,5654,0.398814982013
433,11201,2011,470,6159,0.434436058404
434,11201,2012,447,6680,0.471185723355
435,11201,2013,419,6652,0.469210693377
436,11201,2014,451,6928,0.488678846018
437,11203,2010,3256,6858,0.82686279238
438,11203,2011,2886,7131,0.859778152882
439,11203,2012,2904,7215,0.869905956113
440,11203,2013,3005,7449,0.898119122257
441,11203,2014,3229,7105,0.856643356643
442,11204,2010,913,5893,0.825928521374
443,11204,2011,1012,5885,0.824807288017
444,11204,2012,825,5956,0.834758234057
445,11204,2013,968,5929,0.830974071479
446,11204,2014,1583,5913,0.828731604765
447,11205,2010,744,2359,0.472177742194
448,11205,2011,489,2595,0.519415532426
449,11205,2012,680,2709,0.54223378703
450,11205,2013,484,2915,0.583466773419
451,11205,2014,610,2770,0.554443554844
452,11206,2010,1269,4206,0.68849238828
453,11206,2011,966,4613,0.755115403503
454,11206,2012,938,4670,0.764445899493
455,11206,2013,1116,4717,0.772139466361
456,11206,2014,1365,4453,0.728924537568
457,11207,2010,3474,3686,0.631921824104
458,11207,2011,2859,3846,0.659351962969
459,11207,2012,2446,4052,0.694668266758
460,11207,2013,2177,4166,0.714212240699
461,11207,2014,2809,4056,0.69535402023
462,11208,2010,2664,3211,0.746744186047
463,11208,2011,2262,3208,0.746046511628
464,11208,2012,2290,3607,0.838837209302
465,11208,2013,2167,3697,0.85976744186
466,11208,2014,2486,3568,0.82976744186
467,11209,2010,2058,10436,0.614279828124
468,11209,2011,1766,10435,0.614220966508
469,11209,2012,1713,10549,0.62093119077
470,11209,2013,1234,10265,0.60421449173
471,11209,2014,1667,9973,0.587026899759
472,11210,2010,2374,8095,0.726530245916
473,11210,2011,1974,8102,0.727158499372
474,11210,2012,1689,8104,0.727338000359
475,11210,2013,1375,8092,0.726260994435
476,11210,2014,1560,7998,0.717824448034
477,11211,2010,1284,5899,0.643644298963
478,11211,2011,1053,6193,0.675722858702
479,11211,2012,744,6844,0.746753955265
480,11211,2013,758,6956,0.758974358974
481,11211,2014,914,7066,0.770976541189
482,11212,2010,3646,6831,0.855479023168
483,11212,2011,3331,6831,0.855479023168
484,11212,2012,3449,6939,0.869004383219
485,11212,2013,3287,7125,0.89229805886
486,11212,2014,4044,7245,0.907326236694
487,11213,2010,4184,9475,0.859878391869
488,11213,2011,3439,9606,0.871766947999
489,11213,2012,3544,9849,0.893819765859
490,11213,2013,4127,9871,0.89581631727
491,11213,2014,4733,9765,0.886196569562
492,11214,2010,1944,8718,0.799156659639
493,11214,2011,1593,8639,0.791914932624
494,11214,2012,1314,8642,0.792189934916
495,11214,2013,1383,8363,0.766614721789
496,11214,2014,1653,8441,0.773764781373
497,11215,2010,935,5130,0.509737678855
498,11215,2011,714,5143,0.511029411765
499,11215,2012,620,5406,0.537162162162
500,11215,2013,873,5328,0.529411764706
501,11215,2014,1075,5131,0.509837042925
502,11216,2010,3101,5923,0.715510992993
503,11216,2011,2832,6029,0.728316018362
504,11216,2012,2589,5966,0.720705484417
505,11216,2013,2433,6093,0.736047354433
506,11216,2014,2838,6196,0.748489973424
507,11217,2010,510,2662,0.561248155176
508,11217,2011,608,2641,0.556820577693
509,11217,2012,545,2644,0.557453088762
510,11217,2013,503,2673,0.563567362429
511,11217,2014,473,3189,0.672359266287
512,11218,2010,1862,8288,0.65383401704
513,11218,2011,1389,8279,0.653124013885
514,11218,2012,1496,8362,0.659671820764
515,11218,2013,1567,8274,0.652729567687
516,11218,2014,1531,8214,0.647996213317
517,11219,2010,1348,6155,0.830634278003
518,11219,2011,1007,6275,0.846828609987
519,11219,2012,931,6357,0.857894736842
520,11219,2013,1031,6272,0.846423751687
521,11219,2014,1155,6142,0.828879892038
522,11220,2010,1507,6476,0.758935895933
523,11220,2011,1287,6473,0.7585843197
524,11220,2012,1298,6599,0.773350521505
525,11220,2013,1295,6619,0.775694363061
526,11220,2014,1646,6427,0.75319348412
527,11221,2010,3906,5542,0.714359370972
528,11221,2011,3270,5925,0.763727764888
529,11221,2012,2734,6020,0.775973188966
530,11221,2013,2510,6152,0.792987883475
531,11221,2014,2889,5829,0.751353441609
532,11222,2010,749,5177,0.702823784958
533,11222,2011,529,5224,0.709204452892
534,11222,2012,564,5554,0.75400488732
535,11222,2013,690,5385,0.731061634537
536,11222,2014,704,5257,0.713684496335
537,11223,2010,973,6020,0.776273372018
538,11223,2011,881,6099,0.786460348162
539,11223,2012,771,6327,0.81586073501
540,11223,2013,957,6101,0.786718246293
541,11223,2014,1528,6052,0.780399742102
542,11224,2010,486,736,0.401308615049
543,11224,2011,391,710,0.387131952017
544,11224,2012,732,796,0.434023991276
545,11224,2013,548,1092,0.595419847328
546,11224,2014,635,1071,0.583969465649
547,11225,2010,4541,13675,0.860062893082
548,11225,2011,3864,13628,0.857106918239
549,11225,2012,3639,13634,0.85748427673
550,11225,2013,3709,13805,0.868238993711
551,11225,2014,4505,13520,0.850314465409
552,11226,2010,7244,24058,0.866112251143
553,11226,2011,5688,24366,0.877200561616
554,11226,2012,5177,25035,0.901285235987
555,11226,2013,5868,24552,0.883896749109
556,11226,2014,7606,24373,0.877452568672
557,11228,2010,186,952,0.869406392694
558,11228,2011,205,958,0.874885844749
559,11228,2012,297,947,0.864840182648
560,11228,2013,195,954,0.871232876712
561,11228,2014,191,933,0.852054794521
562,11229,2010,1783,7604,0.723157394199
563,11229,2011,1729,7569,0.719828815977
564,11229,2012,1102,7627,0.725344745602
565,11229,2013,1032,7587,0.721540656205
566,11229,2014,1354,7564,0.719353304803
567,11230,2010,2700,11818,0.680485979156
568,11230,2011,2372,12137,0.698854148673
569,11230,2012,2153,12121,0.697932861173
570,11230,2013,1999,12114,0.697529797893
571,11230,2014,2468,11963,0.688835147118
572,11231,2010,270,1208,0.532627865961
573,11231,2011,255,1304,0.574955908289
574,11231,2012,369,1444,0.636684303351
575,11231,2013,426,1368,0.603174603175
576,11231,2014,308,1318,0.581128747795
577,11232,2010,617,2599,0.781654135338
578,11232,2011,510,2718,0.817443609023
579,11232,2012,449,2699,0.811729323308
580,11232,2013,423,2647,0.796090225564
581,11232,2014,543,2456,0.738646616541
582,11233,2010,3617,4243,0.658748641515
583,11233,2011,3053,4559,0.707809346375
584,11233,2012,2604,4920,0.763856544015
585,11233,2013,2770,4792,0.743983853439
586,11233,2014,3132,4909,0.762148734669
587,11234,2010,755,849,0.466227347611
588,11234,2011,646,882,0.484349258649
589,11234,2012,513,841,0.461834157057
590,11234,2013,565,881,0.48380010983
591,11234,2014,589,862,0.473366282262
592,11235,2010,1604,10016,0.608172930961
593,11235,2011,1737,9958,0.604651162791
594,11235,2012,2369,9993,0.606776367721
595,11235,2013,1569,9924,0.602586678001
596,11235,2014,2004,9878,0.599793551521
597,11236,2010,1261,604,0.62076053443
598,11236,2011,1076,667,0.685508735868
599,11236,2012,1059,714,0.73381294964
600,11236,2013,1012,702,0.72147995889
601,11236,2014,1354,785,0.806783144913
602,11237,2010,2095,5466,0.654610778443
603,11237,2011,1555,5769,0.690898203593
604,11237,2012,1206,6121,0.733053892216
605,11237,2013,1220,6120,0.732934131737
606,11237,2014,1388,5774,0.691497005988
607,11238,2010,1797,7146,0.608791957744
608,11238,2011,1627,7155,0.609558698245
609,11238,2012,1853,7468,0.636224229
610,11238,2013,1860,7204,0.613733174306
611,11238,2014,1958,6865,0.584852615437
612,11249,2012,140,2646,0.624351109014
613,11249,2013,352,3259,0.768994808872
614,11249,2014,674,3130,0.738555922605
615,11354,2010,540,4827,0.644201254504
616,11354,2011,308,4764,0.63579340718
617,11354,2012,444,4694,0.626451354598
618,11354,2013,473,4765,0.635926865074
619,11354,2014,524,4716,0.629387428266
620,11355,2010,989,9720,0.641499472017
621,11355,2011,863,9667,0.638001583949
622,11355,2012,823,9665,0.637869588173
623,11355,2013,1117,9730,0.642159450898
624,11355,2014,1131,9666,0.637935586061
625,11356,2010,149,144,0.734693877551
626,11356,2011,174,130,0.663265306122
627,11356,2012,123,142,0.724489795918
628,11356,2013,90,137,0.698979591837
629,11356,2014,141,120,0.612244897959
630,11357,2010,109,320,0.190589636689
631,11357,2011,75,321,0.191185229303
632,11357,2012,84,312,0.185824895771
633,11357,2013,107,307,0.182846932698
634,11357,2014,134,283,0.168552709946
635,11358,2010,228,1399,0.660528800755
636,11358,2011,174,1360,0.642115203022
637,11358,2012,166,1380,0.651558073654
638,11358,2013,181,1315,0.620868744098
639,11358,2014,230,1317,0.621813031161
640,11360,2010,54,484,0.258271077908
641,11360,2011,23,462,0.246531483458
642,11360,2012,20,459,0.244930629669
643,11360,2013,34,438,0.233724653148
644,11360,2014,67,429,0.228922091782
645,11361,2010,123,1160,0.474243663123
646,11361,2011,167,1150,0.470155355683
647,11361,2012,101,1115,0.45584627964
648,11361,2013,115,1087,0.444399018806
649,11361,2014,66,1088,0.44480784955
650,11362,2010,91,177,0.468253968254
651,11362,2011,64,181,0.478835978836
652,11362,2012,24,180,0.47619047619
653,11362,2013,22,177,0.468253968254
654,11362,2014,16,183,0.484126984127
655,11363,2010,39,157,0.365967365967
656,11363,2011,16,149,0.347319347319
657,11363,2012,14,153,0.356643356643
658,11363,2013,12,152,0.354312354312
659,11363,2014,42,140,0.32634032634
660,11364,2010,236,901,0.175019425019
661,11364,2011,289,936,0.181818181818
662,11364,2012,136,937,0.182012432012
663,11364,2013,181,942,0.182983682984
664,11364,2014,161,1096,0.212898212898
665,11365,2010,133,2744,0.681231380338
666,11365,2011,98,2914,0.723435948361
667,11365,2012,123,2922,0.72542204568
668,11365,2013,126,2917,0.724180734856
669,11365,2014,154,3355,0.832919563059
670,11366,2010,41,132,0.55230125523
671,11366,2011,53,132,0.55230125523
672,11366,2012,34,132,0.55230125523
673,11366,2013,39,132,0.55230125523
674,11366,2014,50,132,0.55230125523
675,11367,2010,696,3044,0.410851666892
676,11367,2011,598,3016,0.407072479417
677,11367,2012,573,3141,0.423943852072
678,11367,2013,550,3011,0.406397624511
679,11367,2014,584,2928,0.395195033068
680,11368,2010,1115,7516,0.851671388102
681,11368,2011,838,7519,0.852011331445
682,11368,2012,867,8320,0.942776203966
683,11368,2013,1055,7605,0.861756373938
684,11368,2014,1286,7623,0.863796033994
685,11369,2010,384,567,0.779917469051
686,11369,2011,304,561,0.77166437414
687,11369,2012,324,570,0.784044016506
688,11369,2013,352,558,0.767537826685
689,11369,2014,349,551,0.757909215956
690,11370,2010,207,287,0.216767371601
691,11370,2011,198,290,0.219033232628
692,11370,2012,165,283,0.213746223565
693,11370,2013,120,286,0.216012084592
694,11370,2014,102,312,0.235649546828
695,11372,2010,1034,9836,0.585650491218
696,11372,2011,1049,9780,0.582316165525
697,11372,2012,936,9903,0.589639773742
698,11372,2013,920,9797,0.583328371539
699,11372,2014,1211,9763,0.581303959512
700,11373,2010,1215,9899,0.639428977456
701,11373,2011,1376,9879,0.638137071249
702,11373,2012,1399,9990,0.645307150701
703,11373,2013,1451,9988,0.64517796008
704,11373,2014,1512,9976,0.644402816356
705,11374,2010,845,6564,0.441841680129
706,11374,2011,714,6763,0.455236941303
707,11374,2012,703,6782,0.456515885837
708,11374,2013,693,6623,0.445813139472
709,11374,2014,774,6378,0.429321486268
710,11375,2010,1050,7272,0.30882915021
711,11375,2011,842,7139,0.303180872298
712,11375,2012,686,7050,0.299401197605
713,11375,2013,720,6843,0.290610268824
714,11375,2014,1298,6723,0.285514078227
715,11377,2010,1197,9246,0.645850796312
716,11377,2011,1250,9142,0.638586197262
717,11377,2012,1011,9279,0.648155909472
718,11377,2013,1166,9162,0.639983235541
719,11377,2014,1399,9086,0.634674490081
720,11378,2010,292,289,0.772727272727
721,11378,2011,250,298,0.79679144385
722,11378,2012,259,306,0.818181818182
723,11378,2013,227,290,0.775401069519
724,11378,2014,211,291,0.77807486631
725,11379,2010,178,1175,0.867158671587
726,11379,2011,136,1183,0.873062730627
727,11379,2012,112,1582,1.16752767528
728,11379,2013,178,1184,0.873800738007
729,11379,2014,108,1172,0.864944649446
730,11385,2010,1643,7670,0.79424251838
731,11385,2011,1684,7662,0.793414103759
732,11385,2012,1334,7858,0.813710261986
733,11385,2013,1360,7899,0.817955886921
734,11385,2014,1491,7710,0.798384591488
735,11411,2010,94,78,1.0
736,11411,2011,71,78,1.0
737,11411,2012,65,78,1.0
738,11411,2013,75,78,1.0
739,11411,2014,96,78,1.0
740,11412,2010,499,114,0.489270386266
741,11412,2011,448,114,0.489270386266
742,11412,2012,448,114,0.489270386266
743,11412,2013,456,217,0.931330472103
744,11412,2014,559,105,0.450643776824
745,11413,2010,555,96,0.732824427481
746,11413,2011,372,97,0.740458015267
747,11413,2012,394,97,0.740458015267
748,11413,2013,312,117,0.893129770992
749,11413,2014,369,117,0.893129770992
750,11414,2010,87,96,0.1426448737
751,11414,2011,119,79,0.117384843982
752,11414,2012,163,85,0.126300148588
753,11414,2013,91,94,0.139673105498
754,11414,2014,119,84,0.124814264487
755,11415,2010,478,3204,0.496282527881
756,11415,2011,352,3078,0.476765799257
757,11415,2012,415,3099,0.480018587361
758,11415,2013,371,3068,0.47521685254
759,11415,2014,810,2888,0.447335811648
760,11416,2010,386,135,0.658536585366
761,11416,2011,293,134,0.653658536585
762,11416,2012,202,177,0.863414634146
763,11416,2013,231,148,0.721951219512
764,11416,2014,222,129,0.629268292683
765,11417,2010,268,278,0.70202020202
766,11417,2011,288,272,0.686868686869
767,11417,2012,253,271,0.684343434343
768,11417,2013,228,275,0.694444444444
769,11417,2014,213,275,0.694444444444
770,11418,2010,610,1535,0.594500387297
771,11418,2011,569,1573,0.609217660728
772,11418,2012,428,1646,0.637490317583
773,11418,2013,342,1742,0.674670797831
774,11418,2014,446,1769,0.685127807901
775,11419,2010,762,417,0.870563674322
776,11419,2011,607,413,0.862212943633
777,11419,2012,400,427,0.891440501044
778,11419,2013,391,425,0.887265135699
779,11419,2014,473,407,0.849686847599
780,11420,2010,467,164,0.752293577982
781,11420,2011,440,163,0.747706422018
782,11420,2012,275,164,0.752293577982
783,11420,2013,228,161,0.738532110092
784,11420,2014,356,153,0.701834862385
785,11421,2010,585,1004,0.850847457627
786,11421,2011,492,1070,0.906779661017
787,11421,2012,420,1021,0.865254237288
788,11421,2013,318,1047,0.887288135593
789,11421,2014,456,1016,0.861016949153
790,11422,2010,320,18,0.225
791,11422,2011,295,17,0.2125
792,11422,2012,216,17,0.2125
793,11422,2013,188,17,0.2125
794,11422,2014,222,15,0.1875
795,11423,2010,554,1729,0.757668711656
796,11423,2011,572,1634,0.716038562664
797,11423,2012,295,1590,0.6967572305
798,11423,2013,370,1810,0.793163891323
799,11423,2014,409,1726,0.756354075372
800,11426,2010,29,273,0.291666666667
801,11426,2011,35,251,0.268162393162
802,11426,2012,27,222,0.237179487179
803,11426,2013,24,199,0.212606837607
804,11426,2014,17,282,0.301282051282
805,11427,2010,260,1620,0.909090909091
806,11427,2011,165,1569,0.880471380471
807,11427,2012,168,1627,0.913019079686
808,11427,2013,300,1620,0.909090909091
809,11427,2014,257,1619,0.908529741863
810,11428,2010,203,420,0.748663101604
811,11428,2011,199,409,0.729055258467
812,11428,2012,128,404,0.720142602496
813,11428,2013,129,412,0.73440285205
814,11428,2014,133,406,0.723707664884
815,11429,2010,253,182,0.87922705314
816,11429,2011,220,182,0.87922705314
817,11429,2012,187,182,0.87922705314
818,11429,2013,238,202,0.975845410628
819,11429,2014,237,202,0.975845410628
820,11432,2010,892,5955,0.623233908948
821,11432,2011,770,6353,0.664887493459
822,11432,2012,692,6367,0.666352694924
823,11432,2013,849,6222,0.651177394035
824,11432,2014,920,6451,0.675143903715
825,11433,2010,795,369,1.61842105263
826,11433,2011,627,382,1.67543859649
827,11433,2012,441,375,1.64473684211
828,11433,2013,437,382,1.67543859649
829,11433,2014,563,448,1.9649122807
830,11434,2010,838,460,0.858208955224
831,11434,2011,820,444,0.828358208955
832,11434,2012,587,444,0.828358208955
833,11434,2013,543,443,0.826492537313
834,11434,2014,664,443,0.826492537313
835,11435,2010,1048,5728,0.621460345015
836,11435,2011,799,5678,0.616035586416
837,11435,2012,509,5755,0.624389714658
838,11435,2013,670,5619,0.60963437127
839,11435,2014,772,5706,0.619073451231
840,11691,2010,1428,4432,0.660506706408
841,11691,2011,1349,4529,0.674962742176
842,11691,2012,1579,4969,0.740536512668
843,11691,2013,1177,5497,0.819225037258
844,11691,2014,1421,5920,0.882265275708
845,11692,2010,428,26,0.666666666667
846,11692,2011,400,26,0.666666666667
847,11692,2012,448,26,0.666666666667
848,11692,2013,298,26,0.666666666667
849,11692,2014,228,26,0.666666666667
850,11693,2010,142,79,0.576642335766
851,11693,2011,186,79,0.576642335766
852,11693,2012,200,98,0.715328467153
853,11693,2013,86,98,0.715328467153
854,11693,2014,127,98,0.715328467153
855,11694,2010,281,1136,0.680647094068
856,11694,2011,267,1190,0.713001797484
857,11694,2012,479,1223,0.732774116237
858,11694,2013,634,1163,0.696824445776
859,11694,2014,290,1178,0.705811863391
